<?xml version="1.0" encoding="UTF-8"?>
<report version="1.0" kind="exception">
  <system description="Windows 11 (build 22621), 64-bit edition"/>
  <modules>
    <module path="F:\Program Files\xLights\xLights.exe" address="0x7ff797e40000" size="0x2999000"/>
    <module path="C:\WINDOWS\SYSTEM32\ntdll.dll" address="0x7ffc4a350000" size="0x214000" version="10.0.22621.2215"/>
    <module path="C:\WINDOWS\System32\KERNEL32.DLL" address="0x7ffc49970000" size="0xc4000" version="10.0.22621.2215"/>
    <module path="C:\WINDOWS\System32\KERNELBASE.dll" address="0x7ffc47820000" size="0x3a4000" version="10.0.22621.2215"/>
    <module path="C:\WINDOWS\System32\USER32.dll" address="0x7ffc49d10000" size="0x1ae000" version="10.0.22621.2215"/>
    <module path="C:\WINDOWS\System32\win32u.dll" address="0x7ffc47f70000" size="0x26000" version="10.0.22621.2283"/>
    <module path="C:\WINDOWS\System32\GDI32.dll" address="0x7ffc48150000" size="0x29000" version="10.0.22621.2215"/>
    <module path="C:\WINDOWS\System32\gdi32full.dll" address="0x7ffc47e50000" size="0x118000" version="10.0.22621.2215"/>
    <module path="C:\WINDOWS\System32\msvcp_win.dll" address="0x7ffc47bd0000" size="0x9a000" version="10.0.22621.608"/>
    <module path="C:\WINDOWS\System32\ucrtbase.dll" address="0x7ffc47700000" size="0x111000" version="10.0.22621.608"/>
    <module path="C:\WINDOWS\System32\ADVAPI32.dll" address="0x7ffc4a0a0000" size="0xb0000" version="10.0.22621.2215"/>
    <module path="C:\WINDOWS\System32\msvcrt.dll" address="0x7ffc481d0000" size="0xa7000" version="7.0.22621.608"/>
    <module path="C:\WINDOWS\System32\sechost.dll" address="0x7ffc49ff0000" size="0xa6000" version="10.0.22621.2215"/>
    <module path="C:\WINDOWS\System32\RPCRT4.dll" address="0x7ffc49bf0000" size="0x117000" version="10.0.22621.1992"/>
    <module path="C:\WINDOWS\System32\ole32.dll" address="0x7ffc487b0000" size="0x19e000" version="10.0.22621.2215"/>
    <module path="C:\WINDOWS\System32\combase.dll" address="0x7ffc48420000" size="0x38a000" version="10.0.22621.2215"/>
    <module path="C:\WINDOWS\System32\WS2_32.dll" address="0x7ffc49ec0000" size="0x71000" version="10.0.22621.1"/>
    <module path="C:\WINDOWS\SYSTEM32\MSVCP140.dll" address="0x7ffc37b90000" size="0x8e000" version="14.34.31938.0"/>
    <module path="C:\WINDOWS\System32\SHLWAPI.dll" address="0x7ffc48380000" size="0x5e000" version="10.0.22621.1635"/>
    <module path="C:\WINDOWS\WinSxS\amd64_microsoft.windows.common-controls_6595b64144ccf1df_6.0.22621.2215_none_270d72677387dfc3\COMCTL32.dll" address="0x7ffc468e0000" size="0x293000" version="6.10.22621.2215"/>
    <module path="C:\WINDOWS\SYSTEM32\OLEACC.dll" address="0x7ffc3b320000" size="0x69000" version="7.2.22621.1"/>
    <module path="C:\WINDOWS\SYSTEM32\UxTheme.dll" address="0x7ffc43dc0000" size="0xab000" version="10.0.22621.2283"/>
    <module path="C:\WINDOWS\System32\COMDLG32.dll" address="0x7ffc48280000" size="0xf9000" version="10.0.22621.2215"/>
    <module path="F:\Program Files\xLights\hidapi.dll" address="0x7ffc36e20000" size="0x1e000"/>
    <module path="F:\Program Files\xLights\libcurl-x64.dll" address="0x7ffc08f90000" size="0x538000" version="7.80.0.0"/>
    <module path="C:\WINDOWS\System32\shcore.dll" address="0x7ffc49af0000" size="0xf3000" version="10.0.22621.2070"/>
    <module path="C:\WINDOWS\System32\CRYPT32.dll" address="0x7ffc47ce0000" size="0x166000" version="10.0.22621.2215"/>
    <module path="C:\WINDOWS\System32\WLDAP32.dll" address="0x7ffc480e0000" size="0x62000" version="10.0.22621.2215"/>
    <module path="C:\WINDOWS\System32\SHELL32.dll" address="0x7ffc49140000" size="0x823000" version="10.0.22621.2215"/>
    <module path="C:\WINDOWS\SYSTEM32\IPHLPAPI.DLL" address="0x7ffc45b90000" size="0x2d000" version="10.0.22621.1"/>
    <module path="F:\Program Files\xLights\avcodec-59.dll" address="0x7ffb8a680000" size="0x3660000" version="59.20.100.0"/>
    <module path="C:\WINDOWS\System32\SETUPAPI.dll" address="0x7ffc48cc0000" size="0x474000" version="10.0.22621.1778"/>
    <module path="C:\WINDOWS\System32\OLEAUT32.dll" address="0x7ffc48990000" size="0xd7000" version="10.0.22621.1992"/>
    <module path="F:\Program Files\xLights\avformat-59.dll" address="0x7ffb89a00000" size="0xc73000" version="59.17.101.0"/>
    <module path="F:\Program Files\xLights\avutil-57.dll" address="0x7ffc0b3e0000" size="0x23d000" version="57.19.100.0"/>
    <module path="F:\Program Files\xLights\swresample-4.dll" address="0x7ffc168c0000" size="0xd0000" version="4.4.100.0"/>
    <module path="F:\Program Files\xLights\swscale-6.dll" address="0x7ffc0b320000" size="0xbd000" version="6.5.100.0"/>
    <module path="F:\Program Files\xLights\SDL2.dll" address="0x6c740000" size="0x151000" version="2.0.8.0"/>
    <module path="C:\WINDOWS\SYSTEM32\VCRUNTIME140_1.dll" address="0x7ffc37b80000" size="0xc000" version="14.34.31938.0"/>
    <module path="C:\WINDOWS\SYSTEM32\VCRUNTIME140.dll" address="0x7ffc37c20000" size="0x1b000" version="14.34.31938.0"/>
    <module path="C:\WINDOWS\System32\IMM32.dll" address="0x7ffc48950000" size="0x31000" version="10.0.22621.1344"/>
    <module path="C:\WINDOWS\SYSTEM32\VERSION.dll" address="0x7ffc44070000" size="0xa000" version="10.0.22621.1"/>
    <module path="C:\WINDOWS\SYSTEM32\MSIMG32.dll" address="0x7ffc3b5f0000" size="0x7000" version="10.0.22621.608"/>
    <module path="C:\WINDOWS\SYSTEM32\OPENGL32.dll" address="0x7ffbcf900000" size="0x100000" version="10.0.22621.1635"/>
    <module path="C:\WINDOWS\SYSTEM32\WINSPOOL.DRV" address="0x7ffc3b550000" size="0x9f000" version="10.0.22621.1778"/>
    <module path="C:\WINDOWS\SYSTEM32\bcrypt.dll" address="0x7ffc46fe0000" size="0x28000" version="10.0.22621.1992"/>
    <module path="C:\WINDOWS\SYSTEM32\MFPlat.DLL" address="0x7ffc38590000" size="0x1ce000" version="10.0.22621.2215"/>
    <module path="C:\WINDOWS\SYSTEM32\USERENV.dll" address="0x7ffc46630000" size="0x2c000" version="10.0.22621.1928"/>
    <module path="C:\WINDOWS\SYSTEM32\Secur32.dll" address="0x7ffc45ee0000" size="0xc000" version="10.0.22621.1"/>
    <module path="C:\WINDOWS\SYSTEM32\CFGMGR32.dll" address="0x7ffc473f0000" size="0x4e000" version="10.0.22621.1344"/>
    <module path="C:\WINDOWS\SYSTEM32\WINMM.dll" address="0x7ffc3b740000" size="0x34000" version="10.0.22621.1635"/>
    <module path="C:\WINDOWS\SYSTEM32\GLU32.dll" address="0x7ffbcf8d0000" size="0x2d000" version="10.0.22621.608"/>
    <module path="C:\WINDOWS\SYSTEM32\dxcore.dll" address="0x7ffc441f0000" size="0x38000" version="10.0.22621.1778"/>
    <module path="C:\WINDOWS\SYSTEM32\SSPICLI.DLL" address="0x7ffc46320000" size="0x42000" version="10.0.22621.2215"/>
    <module path="C:\WINDOWS\SYSTEM32\kernel.appcore.dll" address="0x7ffc460b0000" size="0x18000" version="10.0.22621.1"/>
    <module path="C:\WINDOWS\System32\bcryptPrimitives.dll" address="0x7ffc48060000" size="0x7a000" version="10.0.22621.1928"/>
    <module path="C:\WINDOWS\SYSTEM32\RTWorkQ.DLL" address="0x7ffc36b30000" size="0x33000" version="10.0.22621.1"/>
    <module path="C:\WINDOWS\SYSTEM32\CRYPTSP.dll" address="0x7ffc473a0000" size="0x1b000" version="10.0.22621.1"/>
    <module path="C:\WINDOWS\system32\rsaenh.dll" address="0x7ffc46070000" size="0x35000" version="10.0.22621.1"/>
    <module path="C:\WINDOWS\SYSTEM32\CRYPTBASE.dll" address="0x7ffc46790000" size="0xc000" version="10.0.22621.1"/>
    <module path="C:\WINDOWS\SYSTEM32\DEVOBJ.dll" address="0x7ffc473c0000" size="0x2c000" version="10.0.22621.1344"/>
    <module path="C:\WINDOWS\System32\WINTRUST.dll" address="0x7ffc47c70000" size="0x6b000" version="10.0.22621.2070"/>
    <module path="C:\WINDOWS\SYSTEM32\MSASN1.dll" address="0x7ffc47010000" size="0x12000" version="10.0.22621.819"/>
    <module path="C:\ProgramData\A-Volute\A-Volute.Nahimic\Modules\Scheduled\x64\AudioDevProps2.dll" address="0x7ffbf4f70000" size="0x139000" version="2.6.22.0"/>
    <module path="C:\ProgramData\A-Volute\A-Volute.Nahimic\Modules\Scheduled\x64\NahimicOSD.dll" address="0x7ffc21ba0000" size="0xae000" version="2.2.29.0"/>
    <module path="C:\ProgramData\A-Volute\A-Volute.Nahimic\Modules\Scheduled\x64\ProductInfo.dll" address="0x7ffc21c50000" size="0x67000" version="1.9.20.0"/>
    <module path="C:\WINDOWS\System32\clbcatq.dll" address="0x7ffc49a40000" size="0xb0000" version="2001.12.10941.16384"/>
    <module path="C:\WINDOWS\System32\MMDevApi.dll" address="0x7ffc3dfa0000" size="0x9d000" version="10.0.22621.2070"/>
    <module path="C:\WINDOWS\SYSTEM32\AudioSes.dll" address="0x7ffc2b4d0000" size="0x1ec000" version="10.0.22621.2070"/>
    <module path="C:\ProgramData\A-Volute\A-Volute.Nahimic\Modules\Scheduled\x64\ASM.Plugin.AudioDevProps2.dll" address="0x7ffbf7da0000" size="0x43000" version="1.0.1.0"/>
    <module path="C:\WINDOWS\SYSTEM32\DSOUND.DLL" address="0x7ffba3ae0000" size="0xa2000" version="10.0.22621.1992"/>
    <module path="C:\WINDOWS\SYSTEM32\winmmbase.dll" address="0x7ffc38560000" size="0x29000" version="10.0.22621.1"/>
    <module path="C:\WINDOWS\SYSTEM32\ResampleDmo.DLL" address="0x7ffba3a20000" size="0xb1000" version="10.0.22621.608"/>
    <module path="C:\WINDOWS\SYSTEM32\powrprof.dll" address="0x7ffc47030000" size="0x4d000" version="10.0.22621.2215"/>
    <module path="C:\WINDOWS\SYSTEM32\msdmo.dll" address="0x7ffbbecf0000" size="0xb000" version="10.0.22621.1"/>
    <module path="C:\WINDOWS\SYSTEM32\UMPDC.dll" address="0x7ffc46bf0000" size="0x13000" version="10.0.22621.1"/>
    <module path="C:\WINDOWS\SYSTEM32\wdmaud.drv" address="0x7ffc02ff0000" size="0x46000" version="10.0.22621.1"/>
    <module path="C:\WINDOWS\SYSTEM32\AVRT.dll" address="0x7ffc3fe40000" size="0xb000" version="10.0.22621.608"/>
    <module path="C:\WINDOWS\SYSTEM32\ksuser.dll" address="0x7ffc1cd20000" size="0x9000" version="10.0.22621.1"/>
    <module path="C:\WINDOWS\SYSTEM32\msacm32.drv" address="0x7ffc1bfa0000" size="0xe000" version="10.0.22621.1"/>
    <module path="C:\WINDOWS\SYSTEM32\MSACM32.dll" address="0x7ffc0c8d0000" size="0x1e000" version="10.0.22621.1"/>
    <module path="C:\WINDOWS\SYSTEM32\midimap.dll" address="0x7ffc0f9b0000" size="0xb000" version="10.0.22621.1"/>
    <module path="C:\WINDOWS\SYSTEM32\mfreadwrite.dll" address="0x7ffbbcab0000" size="0x11f000" version="10.0.22621.1778"/>
    <module path="C:\WINDOWS\SYSTEM32\d3d11.dll" address="0x7ffc426c0000" size="0x257000" version="10.0.22621.2070"/>
    <module path="C:\WINDOWS\SYSTEM32\dxgi.dll" address="0x7ffc43f30000" size="0xf8000" version="10.0.22621.2215"/>
    <module path="C:\WINDOWS\System32\MSCTF.dll" address="0x7ffc48b60000" size="0x149000" version="10.0.22621.2215"/>
    <module path="C:\WINDOWS\SYSTEM32\textinputframework.dll" address="0x7ffc39ce0000" size="0x144000" version="10.0.22621.2215"/>
    <module path="C:\WINDOWS\SYSTEM32\windows.storage.dll" address="0x7ffc448d0000" size="0x8ea000" version="10.0.22621.2215"/>
    <module path="C:\WINDOWS\SYSTEM32\wintypes.dll" address="0x7ffc44790000" size="0x13e000" version="10.0.22621.2215"/>
    <module path="C:\WINDOWS\SYSTEM32\WindowsCodecs.dll" address="0x7ffc42150000" size="0x1b0000" version="10.0.22621.1635"/>
    <module path="C:\WINDOWS\SYSTEM32\profapi.dll" address="0x7ffc47630000" size="0x26000" version="10.0.22621.1928"/>
    <module path="C:\WINDOWS\SYSTEM32\TextShaping.dll" address="0x7ffc23b00000" size="0xb0000" version="10.0.22621.1635"/>
    <module path="C:\WINDOWS\system32\mswsock.dll" address="0x7ffc46540000" size="0x69000" version="10.0.22621.1"/>
    <module path="C:\WINDOWS\SYSTEM32\DNSAPI.dll" address="0x7ffc45c00000" size="0xf2000" version="10.0.22621.2215"/>
    <module path="C:\WINDOWS\System32\NSI.dll" address="0x7ffc48cb0000" size="0x9000" version="10.0.22621.1"/>
    <module path="C:\Windows\System32\rasadhlp.dll" address="0x7ffc3e310000" size="0xa000" version="10.0.22621.1"/>
    <module path="C:\WINDOWS\system32\explorerframe.dll" address="0x7ffc1bc90000" size="0x2a9000" version="10.0.22621.2215"/>
    <module path="C:\WINDOWS\System32\fwpuclnt.dll" address="0x7ffc3fdb0000" size="0x84000" version="10.0.22621.2070"/>
    <module path="C:\Windows\System32\AppXDeploymentClient.dll" address="0x7ffc3fed0000" size="0x135000" version="10.0.22621.1928"/>
    <module path="C:\WINDOWS\System32\DriverStore\FileRepository\nv_dispi.inf_amd64_d3828c822366e497\nvoglv64.dll" address="0x7ffb85760000" size="0x4292000" version="31.0.15.3713"/>
    <module path="C:\WINDOWS\SYSTEM32\WTSAPI32.dll" address="0x7ffc45ec0000" size="0x14000" version="10.0.22621.1"/>
    <module path="C:\WINDOWS\SYSTEM32\cryptnet.dll" address="0x7ffc3f490000" size="0x32000" version="10.0.22621.1"/>
    <module path="C:\WINDOWS\SYSTEM32\drvstore.dll" address="0x7ffc3ec10000" size="0x158000" version="10.0.22621.2070"/>
    <module path="C:\WINDOWS\SYSTEM32\wldp.dll" address="0x7ffc46860000" size="0x4b000" version="10.0.22621.2070"/>
    <module path="C:\WINDOWS\SYSTEM32\ntmarta.dll" address="0x7ffc46fa0000" size="0x34000" version="10.0.22621.1"/>
    <module path="C:\WINDOWS\system32\nvspcap64.dll" address="0x7ffbfe4d0000" size="0x2d1000" version="3.27.0.112"/>
    <module path="C:\WINDOWS\SYSTEM32\dwmapi.dll" address="0x7ffc44040000" size="0x2b000" version="10.0.22621.1635"/>
    <module path="C:\WINDOWS\SYSTEM32\WINSTA.dll" address="0x7ffc45b10000" size="0x66000" version="10.0.22621.1635"/>
    <module path="C:\WINDOWS\system32\dataexchange.dll" address="0x7ffc1c400000" size="0x5e000" version="10.0.22621.2070"/>
    <module path="C:\WINDOWS\system32\twinapi.appcore.dll" address="0x7ffc40a50000" size="0x282000" version="10.0.22621.2215"/>
    <module path="C:\Program Files\Common Files\microsoft shared\ink\tiptsf.dll" address="0x7ffc17100000" size="0xa0000" version="10.0.22621.1635"/>
    <module path="C:\WINDOWS\SYSTEM32\WINNSI.DLL" address="0x7ffc441b0000" size="0xd000" version="10.0.22621.1"/>
    <module path="C:\WINDOWS\SYSTEM32\dhcpcsvc.DLL" address="0x7ffc404f0000" size="0x1f000" version="10.0.22621.1344"/>
    <module path="C:\WINDOWS\SYSTEM32\d2d1.dll" address="0x7ffc42920000" size="0x5c1000" version="10.0.22621.1635"/>
    <module path="C:\WINDOWS\SYSTEM32\dwrite.dll" address="0x7ffc42300000" size="0x267000" version="10.0.22621.1635"/>
    <module path="C:\WINDOWS\system32\napinsp.dll" address="0x7ffc27ca0000" size="0x17000" version="10.0.22621.1"/>
    <module path="C:\WINDOWS\system32\pnrpnsp.dll" address="0x7ffc27c80000" size="0x1b000" version="10.0.22621.1"/>
    <module path="C:\WINDOWS\System32\winrnr.dll" address="0x7ffc22ea0000" size="0x11000" version="10.0.22621.1"/>
    <module path="C:\WINDOWS\system32\wshbth.dll" address="0x7ffc3f760000" size="0x15000" version="10.0.22621.1778"/>
    <module path="C:\WINDOWS\system32\nlansp_c.dll" address="0x7ffc22430000" size="0x21000" version="10.0.22621.2070"/>
    <module path="C:\WINDOWS\SYSTEM32\dbghelp.dll" address="0x7ffc47080000" size="0x22e000" version="10.0.22621.1"/>
    <module path="C:\WINDOWS\SYSTEM32\dbgcore.DLL" address="0x7ffc46ed0000" size="0x32000" version="10.0.22621.1"/>
  </modules>
  <context>
    <exception code="0xc0000005" name="ACCESS_VIOLATION" address="0x7ff79886068d"/>
  </context>
  <stack>
    <frame level="0" function="pcre2_get_mark_16" offset="0x65dbcd" address="0x7ff79886068d"/>
    <frame level="1" function="pcre2_get_mark_16" offset="0x5d0109" address="0x7ff7987d2bc9"/>
    <frame level="2" function="pcre2_get_mark_16" offset="0x852283" address="0x7ff798a54d43"/>
    <frame level="3" function="pcre2_get_mark_16" offset="0x8df9a4" address="0x7ff798ae2464"/>
    <frame level="4" function="pcre2_get_mark_16" offset="0x8d449f" address="0x7ff798ad6f5f"/>
    <frame level="5" function="pcre2_get_mark_16" offset="0x8d508b" address="0x7ff798ad7b4b"/>
    <frame level="6" function="pcre2_get_mark_16" offset="0x8d538f" address="0x7ff798ad7e4f"/>
    <frame level="7" function="pcre2_get_mark_16" offset="0x8d43c5" address="0x7ff798ad6e85"/>
    <frame level="8" function="pcre2_get_mark_16" offset="0x8d4ffa" address="0x7ff798ad7aba"/>
    <frame level="9" function="pcre2_set_substitute_callout_16" offset="0xc897" address="0x7ff798c13827"/>
    <frame level="10" function="pcre2_set_substitute_callout_16" offset="0x1d19df" address="0x7ff798dd896f"/>
    <frame level="11" function="pcre2_set_substitute_callout_16" offset="0x2a2b0" address="0x7ff798c31240"/>
    <frame level="12" function="DispatchMessageW" offset="0x741" address="0x7ffc49d28241"/>
    <frame level="13" function="DispatchMessageW" offset="0x3fc" address="0x7ffc49d27efc"/>
    <frame level="14" function="GetClassLongW" offset="0x58d" address="0x7ffc49d3302d"/>
    <frame level="15" function="KiUserCallbackDispatcher" offset="0x24" address="0x7ffc4a3f2d94"/>
    <frame level="16" function="NtUserMessageCall" offset="0x14" address="0x7ffc47f71554"/>
    <frame level="17" function="GetDlgCtrlID" offset="0x5c5" address="0x7ffc49d26655"/>
    <frame level="18" function="GetDlgCtrlID" offset="0xd2" address="0x7ffc49d26162"/>
    <frame level="19" function="Ordinal43" offset="0x270" address="0x7ffc43ddf490"/>
    <frame level="20" function="GetThemeEnumValue" offset="0x132" address="0x7ffc43dc3032"/>
    <frame level="21" function="CloseThemeData" offset="0x1fac" address="0x7ffc43dd6d9c"/>
    <frame level="22" function="CloseThemeData" offset="0xa31" address="0x7ffc43dd5821"/>
    <frame level="23" function="GetDlgCtrlID" offset="0x255" address="0x7ffc49d262e5"/>
    <frame level="24" function="pcre2_set_substitute_callout_16" offset="0x1f58a" address="0x7ff798c2651a"/>
    <frame level="25" function="pcre2_set_substitute_callout_16" offset="0x24a70" address="0x7ff798c2ba00"/>
    <frame level="26" function="pcre2_set_substitute_callout_16" offset="0x7bdb4" address="0x7ff798c82d44"/>
    <frame level="27" function="pcre2_set_substitute_callout_16" offset="0x5322a" address="0x7ff798c5a1ba"/>
    <frame level="28" function="pcre2_set_substitute_callout_16" offset="0x1d1b31" address="0x7ff798dd8ac1"/>
    <frame level="29" function="pcre2_set_substitute_callout_16" offset="0x2a2b0" address="0x7ff798c31240"/>
    <frame level="30" function="DispatchMessageW" offset="0x741" address="0x7ffc49d28241"/>
    <frame level="31" function="DispatchMessageW" offset="0x3fc" address="0x7ffc49d27efc"/>
    <frame level="32" function="GetClassLongW" offset="0x58d" address="0x7ffc49d3302d"/>
    <frame level="33" function="KiUserCallbackDispatcher" offset="0x24" address="0x7ffc4a3f2d94"/>
    <frame level="34" function="NtUserPeekMessage" offset="0x14" address="0x7ffc47f714d4"/>
    <frame level="35" function="PeekMessageW" offset="0x1cf" address="0x7ffc49d31b4f"/>
    <frame level="36" function="PeekMessageW" offset="0x9c" address="0x7ffc49d31a1c"/>
    <frame level="37" function="Ordinal859" offset="0xe1a55" address="0x7ffc495860a5"/>
    <frame level="38" function="Shell_NotifyIconGetRect" offset="0x129c9" address="0x7ffc492cf559"/>
    <frame level="39" function="DefSubclassProc" offset="0x162" address="0x7ffc468f8362"/>
    <frame level="40" function="DSA_InsertItem" offset="0x8a7" address="0x7ffc468f8147"/>
    <frame level="41" function="DispatchMessageW" offset="0x741" address="0x7ffc49d28241"/>
    <frame level="42" function="DispatchMessageW" offset="0x3fc" address="0x7ffc49d27efc"/>
    <frame level="43" function="GetClassLongW" offset="0x58d" address="0x7ffc49d3302d"/>
    <frame level="44" function="KiUserCallbackDispatcher" offset="0x24" address="0x7ffc4a3f2d94"/>
    <frame level="45" function="NtUserDestroyWindow" offset="0x14" address="0x7ffc47f72754"/>
    <frame level="46" function="pcre2_set_substitute_callout_16" offset="0x16723" address="0x7ff798c1d6b3"/>
    <frame level="47" function="pcre2_set_substitute_callout_16" offset="0x9940c" address="0x7ff798ca039c"/>
    <frame level="48" function="pcre2_set_substitute_callout_16" offset="0xcdbc" address="0x7ff798c13d4c"/>
    <frame level="49" function="pcre2_set_substitute_callout_16" offset="0x1670d" address="0x7ff798c1d69d"/>
    <frame level="50" function="pcre2_set_recursion_memory_management_16" offset="0x619d4" address="0x7ff797f1de24"/>
    <frame level="51" function="pcre2_set_substitute_callout_16" offset="0xcdbc" address="0x7ff798c13d4c"/>
    <frame level="52" function="pcre2_set_substitute_callout_16" offset="0x1670d" address="0x7ff798c1d69d"/>
    <frame level="53" function="pcre2_get_mark_16" offset="0x1e05e3" address="0x7ff7983e30a3"/>
    <frame level="54" function="pcre2_set_substitute_callout_16" offset="0xcdbc" address="0x7ff798c13d4c"/>
    <frame level="55" function="pcre2_set_substitute_callout_16" offset="0x1670d" address="0x7ff798c1d69d"/>
    <frame level="56" function="pcre2_set_recursion_memory_management_16" offset="0x8abf4" address="0x7ff797f47044"/>
    <frame level="57" function="pcre2_set_substitute_callout_16" offset="0xcdbc" address="0x7ff798c13d4c"/>
    <frame level="58" function="pcre2_set_substitute_callout_16" offset="0x1670d" address="0x7ff798c1d69d"/>
    <frame level="59" function="pcre2_get_mark_16" offset="0x1529b9" address="0x7ff798355479"/>
    <frame level="60" function="pcre2_set_substitute_callout_16" offset="0xcdbc" address="0x7ff798c13d4c"/>
    <frame level="61" function="pcre2_set_substitute_callout_16" offset="0x1670d" address="0x7ff798c1d69d"/>
    <frame level="62" function="pcre2_get_mark_16" offset="0x1536dc" address="0x7ff79835619c"/>
    <frame level="63" function="pcre2_set_substitute_callout_16" offset="0xcdbc" address="0x7ff798c13d4c"/>
    <frame level="64" function="pcre2_set_substitute_callout_16" offset="0x1670d" address="0x7ff798c1d69d"/>
    <frame level="65" function="pcre2_get_mark_16" offset="0x75101c" address="0x7ff798953adc"/>
    <frame level="66" function="pcre2_set_substitute_callout_16" offset="0xcdbc" address="0x7ff798c13d4c"/>
    <frame level="67" function="pcre2_set_substitute_callout_16" offset="0x1670d" address="0x7ff798c1d69d"/>
    <frame level="68" function="pcre2_set_recursion_memory_management_16" offset="0x56a92" address="0x7ff797f12ee2"/>
    <frame level="69" function="pcre2_set_substitute_callout_16" offset="0xccb8" address="0x7ff798c13c48"/>
    <frame level="70" function="pcre2_set_substitute_callout_16" offset="0x2c3c14" address="0x7ff798ecaba4"/>
    <frame level="71" function="pcre2_set_substitute_callout_16" offset="0x2c3aef" address="0x7ff798ecaa7f"/>
    <frame level="72" function="pcre2_get_mark_16" offset="0x84dba9" address="0x7ff798a50669"/>
    <frame level="73" function="pcre2_get_mark_16" offset="0x84cbd4" address="0x7ff798a4f694"/>
    <frame level="74" function="pcre2_get_mark_16" offset="0x8dff48" address="0x7ff798ae2a08"/>
    <frame level="75" function="pcre2_get_mark_16" offset="0x8e1560" address="0x7ff798ae4020"/>
    <frame level="76" function="pcre2_set_substitute_callout_16" offset="0x1a860c" address="0x7ff798daf59c"/>
    <frame level="77" function="pcre2_get_startchar_16" offset="0x450a9" address="0x7ff798b78739"/>
    <frame level="78" function="pcre2_get_startchar_16" offset="0x44ed5" address="0x7ff798b78565"/>
    <frame level="79" function="pcre2_get_startchar_16" offset="0x4512a" address="0x7ff798b787ba"/>
    <frame level="80" function="pcre2_get_mark_16" offset="0x8e0877" address="0x7ff798ae3337"/>
    <frame level="81" function="pcre2_get_startchar_16" offset="0x3dd4c" address="0x7ff798b713dc"/>
    <frame level="82" function="pcre2_get_mark_16" offset="0x8fe298" address="0x7ff798b00d58"/>
    <frame level="83" function="pcre2_set_substitute_callout_16" offset="0x32a446" address="0x7ff798f313d6"/>
    <frame level="84" function="BaseThreadInitThunk" offset="0x1d" address="0x7ffc4998257d"/>
    <frame level="85" function="RtlUserThreadStart" offset="0x28" address="0x7ffc4a3aaa68"/>
  </stack>
</report>
