<?xml version="1.0" encoding="UTF-8"?>
<Networks computer="OUCHTHATHURTS" GlobalFPPProxy="" GlobalForceLocalIP="">
  <Controller Id="1" Name="k8-pb-1 (garage)" Description="" Type="Ethernet" Vendor="KulpLights" Model="K8-PB" Variant="No Expansion" AutoSize="1" DefaultBrightnessUnderFullControl="30" DefaultGammaUnderFullControl="1" ActiveState="Active" AutoLayout="1" AutoUpload="0" SuppressDuplicates="0" IP="192.168.1.214" Protocol="DDP" FPPProxy="" Priority="100" Version="1" Expanded="FALSE" UPS="FALSE" ForceLocalIP="">
    <network ChannelsPerPacket="1440" KeepChannelNumbers="1" ComPort="192.168.1.214" BaudRate="1" NetworkType="DDP" MaxChannels="3411"/>
  </Controller>
  <Controller Id="28" Name="k8-pb-2  (front  door)" Description="" Type="Ethernet" Vendor="KulpLights" Model="K8-PB" Variant="No Expansion" AutoSize="1" DefaultBrightnessUnderFullControl="100" DefaultGammaUnderFullControl="1" ActiveState="Active" AutoLayout="1" AutoUpload="0" SuppressDuplicates="0" IP="192.168.1.215" Protocol="DDP" FPPProxy="" Priority="100" Version="1" Expanded="FALSE" UPS="FALSE" ForceLocalIP="">
    <network ChannelsPerPacket="1440" KeepChannelNumbers="1" ComPort="192.168.1.215" BaudRate="28" NetworkType="DDP" MaxChannels="7212"/>
  </Controller>
  <Controller Id="9" Name="k8-pb-3  (tree)" Description="" Type="Ethernet" Vendor="KulpLights" Model="K8-PB" Variant="No Expansion" AutoSize="1" DefaultBrightnessUnderFullControl="100" DefaultGammaUnderFullControl="1" ActiveState="Active" AutoLayout="1" AutoUpload="0" SuppressDuplicates="0" IP="192.168.1.216" Protocol="DDP" FPPProxy="" Priority="100" Version="1" Expanded="FALSE" UPS="FALSE" ForceLocalIP="">
    <network ChannelsPerPacket="1440" KeepChannelNumbers="1" ComPort="192.168.1.216" BaudRate="9" NetworkType="DDP" MaxChannels="2550"/>
  </Controller>
  <Controller Id="15" Name="k4-pb-1 (closet)" Description="" Type="Ethernet" Vendor="KulpLights" Model="K4-PB" Variant="" AutoSize="1" DefaultBrightnessUnderFullControl="100" DefaultGammaUnderFullControl="1" ActiveState="Active" AutoLayout="1" AutoUpload="0" SuppressDuplicates="0" IP="192.168.1.217" Protocol="DDP" FPPProxy="" Priority="100" Version="1" Expanded="FALSE" UPS="FALSE" ForceLocalIP="">
    <network ChannelsPerPacket="1440" KeepChannelNumbers="1" ComPort="192.168.1.217" BaudRate="15" NetworkType="DDP" MaxChannels="2553"/>
  </Controller>
</Networks>
