<?xml version="1.0" encoding="UTF-8"?>
<report version="1.0" kind="exception">
  <system description="Windows 11 (build 22621), 64-bit edition"/>
  <modules>
    <module path="C:\Program Files\xLights\xLights.exe" address="0x7ff76e1f0000" size="0x28dc000"/>
    <module path="C:\WINDOWS\SYSTEM32\ntdll.dll" address="0x7ffd06e70000" size="0x214000" version="10.0.22621.608"/>
    <module path="C:\WINDOWS\System32\KERNEL32.DLL" address="0x7ffd058a0000" size="0xc2000" version="10.0.22621.608"/>
    <module path="C:\WINDOWS\System32\KERNELBASE.dll" address="0x7ffd046f0000" size="0x39c000" version="10.0.22621.608"/>
    <module path="C:\WINDOWS\System32\USER32.dll" address="0x7ffd05e70000" size="0x1aa000" version="10.0.22621.608"/>
    <module path="C:\WINDOWS\System32\win32u.dll" address="0x7ffd046c0000" size="0x26000" version="10.0.22621.674"/>
    <module path="C:\WINDOWS\System32\GDI32.dll" address="0x7ffd04fd0000" size="0x29000" version="10.0.22621.608"/>
    <module path="C:\WINDOWS\System32\gdi32full.dll" address="0x7ffd04480000" size="0x112000" version="10.0.22621.674"/>
    <module path="C:\WINDOWS\System32\msvcp_win.dll" address="0x7ffd04b50000" size="0x9a000" version="10.0.22621.608"/>
    <module path="C:\WINDOWS\System32\ucrtbase.dll" address="0x7ffd045a0000" size="0x111000" version="10.0.22621.608"/>
    <module path="C:\WINDOWS\System32\ADVAPI32.dll" address="0x7ffd06120000" size="0xae000" version="10.0.22621.608"/>
    <module path="C:\WINDOWS\System32\msvcrt.dll" address="0x7ffd05220000" size="0xa7000" version="7.0.22621.608"/>
    <module path="C:\WINDOWS\System32\sechost.dll" address="0x7ffd05610000" size="0xa4000" version="10.0.22621.608"/>
    <module path="C:\WINDOWS\System32\RPCRT4.dll" address="0x7ffd05000000" size="0x115000" version="10.0.22621.1"/>
    <module path="C:\WINDOWS\System32\ole32.dll" address="0x7ffd05350000" size="0x19c000" version="10.0.22621.608"/>
    <module path="C:\WINDOWS\System32\combase.dll" address="0x7ffd059d0000" size="0x389000" version="10.0.22621.674"/>
    <module path="C:\WINDOWS\System32\WS2_32.dll" address="0x7ffd05df0000" size="0x71000" version="10.0.22621.1"/>
    <module path="C:\WINDOWS\SYSTEM32\MSVCP140.dll" address="0x7ffce6160000" size="0x8e000" version="14.30.30704.0"/>
    <module path="C:\WINDOWS\System32\SHLWAPI.dll" address="0x7ffd05970000" size="0x5e000" version="10.0.22621.608"/>
    <module path="C:\WINDOWS\WinSxS\amd64_microsoft.windows.common-controls_6595b64144ccf1df_6.0.22621.608_none_a9444ca7c10bb01d\COMCTL32.dll" address="0x7ffcf5e00000" size="0x28e000" version="6.10.22621.608"/>
    <module path="C:\WINDOWS\SYSTEM32\OLEACC.dll" address="0x7ffcf5ac0000" size="0x69000" version="7.2.22621.1"/>
    <module path="C:\WINDOWS\System32\COMDLG32.dll" address="0x7ffd04e40000" size="0xf6000" version="10.0.22621.608"/>
    <module path="C:\WINDOWS\SYSTEM32\UxTheme.dll" address="0x7ffd018e0000" size="0xab000" version="10.0.22621.608"/>
    <module path="C:\WINDOWS\System32\shcore.dll" address="0x7ffd057a0000" size="0xf1000" version="10.0.22621.608"/>
    <module path="C:\WINDOWS\System32\SHELL32.dll" address="0x7ffd061d0000" size="0x7dd000" version="10.0.22621.608"/>
    <module path="C:\WINDOWS\SYSTEM32\IPHLPAPI.DLL" address="0x7ffd02e10000" size="0x2d000" version="10.0.22621.1"/>
    <module path="C:\WINDOWS\System32\OLEAUT32.dll" address="0x7ffd056c0000" size="0xd7000" version="10.0.22621.608"/>
    <module path="C:\Program Files\xLights\libcurl-x64.dll" address="0x7ffca6230000" size="0x538000" version="7.80.0.0"/>
    <module path="C:\WINDOWS\System32\CRYPT32.dll" address="0x7ffd042a0000" size="0x166000" version="10.0.22621.674"/>
    <module path="C:\WINDOWS\System32\WLDAP32.dll" address="0x7ffd05d70000" size="0x61000" version="10.0.22621.608"/>
    <module path="C:\WINDOWS\SYSTEM32\VCRUNTIME140.dll" address="0x7ffce6940000" size="0x1b000" version="14.30.30704.0"/>
    <module path="C:\Program Files\xLights\hidapi.dll" address="0x7ffcf89f0000" size="0x1e000"/>
    <module path="C:\WINDOWS\System32\SETUPAPI.dll" address="0x7ffd069b0000" size="0x474000" version="10.0.22621.1"/>
    <module path="C:\Program Files\xLights\avcodec-59.dll" address="0x7ffc82170000" size="0x3660000" version="59.20.100.0"/>
    <module path="C:\WINDOWS\SYSTEM32\VCRUNTIME140_1.dll" address="0x7ffceacc0000" size="0xc000" version="14.30.30704.0"/>
    <module path="C:\Program Files\xLights\avutil-57.dll" address="0x7ffcb5170000" size="0x23d000" version="57.19.100.0"/>
    <module path="C:\Program Files\xLights\avformat-59.dll" address="0x7ffca55b0000" size="0xc73000" version="59.17.101.0"/>
    <module path="C:\WINDOWS\SYSTEM32\VERSION.dll" address="0x7ffcfbb50000" size="0xa000" version="10.0.22621.1"/>
    <module path="C:\WINDOWS\SYSTEM32\MSIMG32.dll" address="0x7ffcf86b0000" size="0x7000" version="10.0.22621.608"/>
    <module path="C:\WINDOWS\SYSTEM32\OPENGL32.dll" address="0x7ffcad910000" size="0x100000" version="10.0.22621.608"/>
    <module path="C:\WINDOWS\SYSTEM32\WINSPOOL.DRV" address="0x7ffcf5d60000" size="0x9a000" version="10.0.22621.608"/>
    <module path="C:\WINDOWS\SYSTEM32\bcrypt.dll" address="0x7ffd03c50000" size="0x28000" version="10.0.22621.1"/>
    <module path="C:\WINDOWS\SYSTEM32\MFPlat.DLL" address="0x7ffcfe030000" size="0x1ce000" version="10.0.22621.608"/>
    <module path="C:\WINDOWS\SYSTEM32\USERENV.dll" address="0x7ffd038d0000" size="0x28000" version="10.0.22621.1"/>
    <module path="C:\Program Files\xLights\swresample-4.dll" address="0x7ffcc3b90000" size="0xd0000" version="4.4.100.0"/>
    <module path="C:\WINDOWS\SYSTEM32\CFGMGR32.dll" address="0x7ffd03f90000" size="0x4f000" version="10.0.22621.1"/>
    <module path="C:\WINDOWS\SYSTEM32\Secur32.dll" address="0x7ffcdd760000" size="0xc000" version="10.0.22621.1"/>
    <module path="C:\WINDOWS\SYSTEM32\GLU32.dll" address="0x7ffcb21f0000" size="0x2d000" version="10.0.22621.608"/>
    <module path="C:\WINDOWS\SYSTEM32\dxcore.dll" address="0x7ffd01a20000" size="0x36000" version="10.0.22621.608"/>
    <module path="C:\WINDOWS\SYSTEM32\SSPICLI.DLL" address="0x7ffd03570000" size="0x42000" version="10.0.22621.674"/>
    <module path="C:\Program Files\xLights\SDL2.dll" address="0x6c740000" size="0x151000" version="2.0.8.0"/>
    <module path="C:\WINDOWS\System32\IMM32.dll" address="0x7ffd060d0000" size="0x31000" version="10.0.22621.1"/>
    <module path="C:\WINDOWS\SYSTEM32\WINMM.dll" address="0x7ffcfd880000" size="0x34000" version="10.0.22621.608"/>
    <module path="C:\Program Files\xLights\swscale-6.dll" address="0x7ffcc2950000" size="0xbd000" version="6.5.100.0"/>
    <module path="C:\WINDOWS\SYSTEM32\kernel.appcore.dll" address="0x7ffd03320000" size="0x18000" version="10.0.22621.1"/>
    <module path="C:\WINDOWS\System32\bcryptPrimitives.dll" address="0x7ffd04bf0000" size="0x7b000" version="10.0.22621.1"/>
    <module path="C:\WINDOWS\SYSTEM32\RTWorkQ.DLL" address="0x7ffcfde40000" size="0x33000" version="10.0.22621.1"/>
    <module path="C:\WINDOWS\SYSTEM32\CRYPTSP.dll" address="0x7ffd03a30000" size="0x1b000" version="10.0.22621.1"/>
    <module path="C:\WINDOWS\system32\rsaenh.dll" address="0x7ffd03290000" size="0x35000" version="10.0.22621.1"/>
    <module path="C:\WINDOWS\SYSTEM32\CRYPTBASE.dll" address="0x7ffd03a50000" size="0xc000" version="10.0.22621.1"/>
    <module path="C:\WINDOWS\SYSTEM32\DEVOBJ.dll" address="0x7ffd03f60000" size="0x2c000" version="10.0.22621.1"/>
    <module path="C:\WINDOWS\System32\WINTRUST.dll" address="0x7ffd04410000" size="0x69000" version="10.0.22621.674"/>
    <module path="C:\WINDOWS\SYSTEM32\MSASN1.dll" address="0x7ffd03f40000" size="0x12000" version="10.0.22621.1"/>
    <module path="C:\ProgramData\A-Volute\A-Volute.Nahimic\Modules\Scheduled\x64\AudioDevProps2.dll" address="0x7ffcd2de0000" size="0x138000" version="2.6.18.0"/>
    <module path="C:\ProgramData\A-Volute\A-Volute.Nahimic\Modules\Scheduled\x64\NahimicOSD.dll" address="0x7ffcd0080000" size="0xae000" version="2.2.26.0"/>
    <module path="C:\ProgramData\A-Volute\A-Volute.Nahimic\Modules\Scheduled\x64\ProductInfo.dll" address="0x7ffcd0130000" size="0x67000" version="1.9.14.0"/>
    <module path="C:\WINDOWS\System32\clbcatq.dll" address="0x7ffd05160000" size="0xb7000" version="2001.12.10941.16384"/>
    <module path="C:\WINDOWS\System32\MMDevApi.dll" address="0x7ffcf98b0000" size="0x9d000" version="10.0.22621.608"/>
    <module path="C:\WINDOWS\SYSTEM32\AudioSes.dll" address="0x7ffcf5b70000" size="0x1e4000" version="10.0.22621.608"/>
    <module path="C:\ProgramData\A-Volute\A-Volute.Nahimic\Modules\Scheduled\x64\ASM.Plugin.AudioDevProps2.dll" address="0x7ffcc51b0000" size="0x43000" version="1.0.1.0"/>
    <module path="C:\WINDOWS\SYSTEM32\DSOUND.DLL" address="0x7ffce6710000" size="0xa2000" version="10.0.22621.608"/>
    <module path="C:\WINDOWS\SYSTEM32\winmmbase.dll" address="0x7ffceec30000" size="0x29000" version="10.0.22621.1"/>
    <module path="C:\WINDOWS\SYSTEM32\powrprof.dll" address="0x7ffd03b10000" size="0x4d000" version="10.0.22621.1"/>
    <module path="C:\WINDOWS\SYSTEM32\ResampleDmo.DLL" address="0x7ffce0570000" size="0xb1000" version="10.0.22621.608"/>
    <module path="C:\WINDOWS\SYSTEM32\msdmo.dll" address="0x7ffcff9e0000" size="0xb000" version="10.0.22621.1"/>
    <module path="C:\WINDOWS\SYSTEM32\UMPDC.dll" address="0x7ffd03ad0000" size="0x13000" version="10.0.22621.1"/>
    <module path="C:\WINDOWS\SYSTEM32\wdmaud.drv" address="0x7ffcf88e0000" size="0x46000" version="10.0.22621.1"/>
    <module path="C:\WINDOWS\SYSTEM32\ksuser.dll" address="0x7ffcfe240000" size="0x9000" version="10.0.22621.1"/>
    <module path="C:\WINDOWS\SYSTEM32\AVRT.dll" address="0x7ffcfdcc0000" size="0xb000" version="10.0.22621.608"/>
    <module path="C:\WINDOWS\SYSTEM32\msacm32.drv" address="0x7ffcfe220000" size="0xe000" version="10.0.22621.1"/>
    <module path="C:\WINDOWS\SYSTEM32\MSACM32.dll" address="0x7ffcf05d0000" size="0x1e000" version="10.0.22621.1"/>
    <module path="C:\WINDOWS\SYSTEM32\midimap.dll" address="0x7ffcf88d0000" size="0xb000" version="10.0.22621.1"/>
    <module path="C:\WINDOWS\SYSTEM32\mfreadwrite.dll" address="0x7ffcbc210000" size="0x11f000" version="10.0.22621.1"/>
    <module path="C:\WINDOWS\SYSTEM32\d3d11.dll" address="0x7ffd00a80000" size="0x257000" version="10.0.22621.608"/>
    <module path="C:\WINDOWS\SYSTEM32\dxgi.dll" address="0x7ffd01a60000" size="0xf7000" version="10.0.22621.608"/>
    <module path="C:\WINDOWS\System32\MSCTF.dll" address="0x1ef220a0000" size="0x11e000" version="10.0.22621.608"/>
    <module path="C:\WINDOWS\SYSTEM32\textinputframework.dll" address="0x7ffcf7c90000" size="0x12d000" version="10.0.22621.608"/>
    <module path="C:\WINDOWS\SYSTEM32\CoreMessaging.dll" address="0x7ffd01350000" size="0x133000" version="10.0.22621.608"/>
    <module path="C:\WINDOWS\SYSTEM32\CoreUIComponents.dll" address="0x7ffcfcdf0000" size="0x36c000" version="10.0.22621.608"/>
    <module path="C:\WINDOWS\SYSTEM32\wintypes.dll" address="0x7ffd021c0000" size="0x13d000" version="10.0.22621.674"/>
    <module path="C:\WINDOWS\SYSTEM32\windows.storage.dll" address="0x7ffd02300000" size="0x8b7000" version="10.0.22621.674"/>
    <module path="C:\WINDOWS\SYSTEM32\WindowsCodecs.dll" address="0x7ffcffca0000" size="0x1b0000" version="10.0.22621.608"/>
    <module path="C:\WINDOWS\SYSTEM32\profapi.dll" address="0x7ffd041d0000" size="0x21000" version="10.0.22621.1"/>
    <module path="C:\WINDOWS\SYSTEM32\TextShaping.dll" address="0x7ffcdd330000" size="0xb0000" version="10.0.22621.608"/>
    <module path="C:\WINDOWS\system32\explorerframe.dll" address="0x7ffce0680000" size="0x290000" version="10.0.22621.608"/>
    <module path="C:\WINDOWS\system32\mswsock.dll" address="0x7ffd037e0000" size="0x69000" version="10.0.22621.1"/>
    <module path="C:\WINDOWS\SYSTEM32\DNSAPI.dll" address="0x7ffd02e80000" size="0xf2000" version="10.0.22621.1"/>
    <module path="C:\WINDOWS\System32\NSI.dll" address="0x7ffd06110000" size="0x9000" version="10.0.22621.1"/>
    <module path="C:\Windows\System32\rasadhlp.dll" address="0x7ffcfb810000" size="0xa000" version="10.0.22621.1"/>
    <module path="C:\WINDOWS\System32\fwpuclnt.dll" address="0x7ffcfbc60000" size="0x83000" version="10.0.22621.608"/>
    <module path="C:\Windows\System32\AppXDeploymentClient.dll" address="0x7ffcfc770000" size="0x12c000" version="10.0.22621.608"/>
    <module path="C:\WINDOWS\System32\DriverStore\FileRepository\nv_dispi.inf_amd64_1b5e80ff87b1f5c8\nvoglv64.dll" address="0x7ffc5f8a0000" size="0x37bf000" version="31.0.15.2225"/>
    <module path="C:\WINDOWS\SYSTEM32\WTSAPI32.dll" address="0x7ffd017e0000" size="0x14000" version="10.0.22621.1"/>
    <module path="C:\WINDOWS\SYSTEM32\cryptnet.dll" address="0x7ffcfbb10000" size="0x32000" version="10.0.22621.1"/>
    <module path="C:\WINDOWS\SYSTEM32\drvstore.dll" address="0x7ffcfb960000" size="0x158000" version="10.0.22621.1"/>
    <module path="C:\WINDOWS\SYSTEM32\wldp.dll" address="0x7ffd03b60000" size="0x48000" version="10.0.22621.608"/>
    <module path="C:\WINDOWS\SYSTEM32\ntmarta.dll" address="0x7ffd03340000" size="0x34000" version="10.0.22621.1"/>
    <module path="C:\WINDOWS\system32\nvspcap64.dll" address="0x7ffcd1310000" size="0x2ce000" version="3.26.0.131"/>
    <module path="C:\WINDOWS\SYSTEM32\dwmapi.dll" address="0x7ffd01b80000" size="0x2b000" version="10.0.22621.608"/>
    <module path="C:\WINDOWS\SYSTEM32\WINSTA.dll" address="0x7ffd035c0000" size="0x66000" version="10.0.22621.608"/>
    <module path="C:\WINDOWS\system32\dataexchange.dll" address="0x7ffce6680000" size="0x5e000" version="10.0.22621.608"/>
    <module path="C:\WINDOWS\system32\twinapi.appcore.dll" address="0x7ffcfd5d0000" size="0x26a000" version="10.0.22621.608"/>
    <module path="C:\Program Files\Common Files\microsoft shared\ink\tiptsf.dll" address="0x7ffcc1f80000" size="0xa0000" version="10.0.22621.608"/>
    <module path="C:\WINDOWS\SYSTEM32\WINNSI.DLL" address="0x7ffd018d0000" size="0xd000" version="10.0.22621.1"/>
    <module path="C:\WINDOWS\SYSTEM32\dhcpcsvc.DLL" address="0x7ffcfd300000" size="0x1f000" version="10.0.22621.674"/>
    <module path="C:\ProgramData\Microsoft\Windows Defender\Platform\4.18.2209.7-0\MpDetoursCopyAccelerator.dll" address="0x7ffcf8580000" size="0x18000" version="4.18.2209.7"/>
    <module path="C:\ProgramData\Microsoft\Windows Defender\Platform\4.18.2209.7-0\mpclient.dll" address="0x7ffced320000" size="0x130000" version="4.18.2209.7"/>
    <module path="C:\WINDOWS\SYSTEM32\gpapi.dll" address="0x7ffd03870000" size="0x26000" version="10.0.22621.608"/>
    <module path="C:\WINDOWS\SYSTEM32\d2d1.dll" address="0x7ffd004b0000" size="0x5c1000" version="10.0.22621.608"/>
    <module path="C:\WINDOWS\SYSTEM32\dwrite.dll" address="0x7ffd00240000" size="0x267000" version="10.0.22621.608"/>
    <module path="C:\WINDOWS\system32\napinsp.dll" address="0x7ffcbc0a0000" size="0x17000" version="10.0.22621.1"/>
    <module path="C:\WINDOWS\system32\pnrpnsp.dll" address="0x7ffcbc080000" size="0x1b000" version="10.0.22621.1"/>
    <module path="C:\WINDOWS\System32\winrnr.dll" address="0x7ffcbc060000" size="0x11000" version="10.0.22621.1"/>
    <module path="C:\WINDOWS\system32\wshbth.dll" address="0x7ffcfbcf0000" size="0x15000" version="10.0.22621.1"/>
    <module path="C:\WINDOWS\system32\nlansp_c.dll" address="0x7ffcbc030000" size="0x21000" version="10.0.22621.1"/>
    <module path="C:\WINDOWS\SYSTEM32\DUser.dll" address="0x7ffcf8ae0000" size="0x99000" version="10.0.22621.1"/>
    <module path="C:\WINDOWS\SYSTEM32\atlthunk.dll" address="0x7ffcf6290000" size="0xe000" version="10.0.22621.1"/>
    <module path="C:\WINDOWS\SYSTEM32\mpr.dll" address="0x7ffce5790000" size="0x1e000" version="10.0.22621.1"/>
    <module path="C:\WINDOWS\system32\propsys.dll" address="0x7ffcff680000" size="0x100000" version="7.0.22621.608"/>
    <module path="C:\WINDOWS\SYSTEM32\ntshrui.dll" address="0x7ffcddff0000" size="0x90000" version="10.0.22621.608"/>
    <module path="C:\WINDOWS\SYSTEM32\srvcli.dll" address="0x7ffcec0e0000" size="0x28000" version="10.0.22621.1"/>
    <module path="C:\WINDOWS\SYSTEM32\cscapi.dll" address="0x7ffcd9fc0000" size="0x12000" version="10.0.22621.1"/>
    <module path="C:\WINDOWS\SYSTEM32\DUI70.dll" address="0x7ffcc0a30000" size="0x1bc000" version="10.0.22621.608"/>
    <module path="C:\WINDOWS\SYSTEM32\edputil.dll" address="0x7ffcdbdc0000" size="0x28000" version="10.0.22621.1"/>
    <module path="C:\Windows\System32\thumbcache.dll" address="0x7ffce04e0000" size="0x6e000" version="10.0.22621.1"/>
    <module path="C:\Windows\System32\Windows.UI.FileExplorer.dll" address="0x7ffcf78a0000" size="0xec000" version="10.0.22621.608"/>
    <module path="C:\Windows\System32\Windows.FileExplorer.Common.dll" address="0x7ffcda210000" size="0x96000" version="10.0.22621.608"/>
    <module path="C:\Windows\System32\Windows.StateRepositoryPS.dll" address="0x7ffcef2e0000" size="0xeb000" version="10.0.22621.608"/>
    <module path="C:\WINDOWS\SYSTEM32\windows.staterepositoryclient.dll" address="0x7ffcfad10000" size="0x3d000" version="10.0.22621.608"/>
    <module path="C:\Windows\System32\uiautomationcore.dll" address="0x7ffcd7f40000" size="0x441000" version="7.2.22621.608"/>
    <module path="C:\WINDOWS\SYSTEM32\sxs.dll" address="0x7ffd04110000" size="0xa2000" version="10.0.22621.674"/>
    <module path="C:\WINDOWS\System32\StructuredQuery.dll" address="0x7ffcd8c90000" size="0xb9000" version="7.0.22621.608"/>
    <module path="C:\WINDOWS\system32\Windows.Storage.Search.dll" address="0x7ffccfb80000" size="0xdf000" version="10.0.22621.1"/>
    <module path="C:\Windows\System32\Windows.System.Launcher.dll" address="0x7ffcfadd0000" size="0x135000" version="10.0.22621.608"/>
    <module path="C:\Windows\System32\msvcp110_win.dll" address="0x7ffcffb50000" size="0x93000" version="10.0.22621.1"/>
    <module path="C:\WINDOWS\SYSTEM32\windows.staterepositorycore.dll" address="0x7ffcfc8a0000" size="0x1a000" version="10.0.22621.608"/>
    <module path="C:\Windows\System32\cldapi.dll" address="0x7ffcdbab0000" size="0x2d000" version="10.0.22621.1"/>
    <module path="C:\WINDOWS\SYSTEM32\policymanager.dll" address="0x7ffcffbf0000" size="0xa5000" version="10.0.22621.608"/>
    <module path="C:\WINDOWS\System32\coml2.dll" address="0x7ffd052d0000" size="0x7d000" version="10.0.22621.1"/>
    <module path="C:\WINDOWS\SYSTEM32\LINKINFO.dll" address="0x7ffcfdfb0000" size="0xd000" version="10.0.22621.1"/>
    <module path="C:\Windows\System32\appresolver.dll" address="0x7ffcdefe0000" size="0x9a000" version="10.0.22621.608"/>
    <module path="C:\Windows\System32\twinapi.dll" address="0x7ffce6db0000" size="0xc9000" version="10.0.22621.1"/>
    <module path="C:\WINDOWS\SYSTEM32\apphelp.dll" address="0x7ffd01740000" size="0x97000" version="10.0.22621.608"/>
    <module path="C:\WINDOWS\system32\NetworkExplorer.dll" address="0x7ffcf8930000" size="0x1a000" version="10.0.22621.1"/>
    <module path="C:\Windows\System32\ActXPrxy.dll" address="0x7ffcfb080000" size="0x7f000" version="10.0.22621.608"/>
    <module path="C:\Windows\System32\urlmon.dll" address="0x7ffced450000" size="0x1ef000" version="11.0.22621.608"/>
    <module path="C:\Windows\System32\iertutil.dll" address="0x7ffceca40000" size="0x2b1000" version="11.0.22621.674"/>
    <module path="C:\Windows\System32\netutils.dll" address="0x7ffd02e00000" size="0xc000" version="10.0.22621.674"/>
    <module path="C:\WINDOWS\system32\mssprxy.dll" address="0x7ffcd9f20000" size="0x26000" version="7.0.22621.608"/>
    <module path="C:\Users\mmoul\AppData\Local\Microsoft\OneDrive\22.207.1002.0003\FileSyncShell64.dll" address="0x7ffcda3b0000" size="0x1cf000" version="22.207.1002.3"/>
    <module path="C:\WINDOWS\SYSTEM32\WININET.dll" address="0x7ffcee100000" size="0x4f4000" version="11.0.22621.608"/>
    <module path="C:\Windows\System32\EhStorShell.dll" address="0x7ffce4570000" size="0x37000" version="10.0.22621.1"/>
    <module path="C:\WINDOWS\SYSTEM32\dbghelp.dll" address="0x7ffcfa090000" size="0x22e000" version="10.0.22621.1"/>
    <module path="C:\WINDOWS\SYSTEM32\dbgcore.DLL" address="0x7ffceca00000" size="0x32000" version="10.0.22621.1"/>
  </modules>
  <context>
    <exception code="0xc0000005" name="ACCESS_VIOLATION" address="0x7ff76e264708"/>
  </context>
  <stack>
    <frame level="0" function="pcre2_jit_stack_free_16" offset="0x5d28" address="0x7ff76e264708"/>
    <frame level="1" function="pcre2_get_mark_16" offset="0x3e384a" address="0x7ff76e9761da"/>
    <frame level="2" function="pcre2_get_mark_16" offset="0x630bc9" address="0x7ff76ebc3559"/>
    <frame level="3" function="pcre2_get_mark_16" offset="0x6346a3" address="0x7ff76ebc7033"/>
    <frame level="4" function="pcre2_get_mark_16" offset="0x64fa3e" address="0x7ff76ebe23ce"/>
    <frame level="5" function="pcre2_get_mark_16" offset="0x64fbe8" address="0x7ff76ebe2578"/>
    <frame level="6" function="pcre2_get_mark_16" offset="0x654feb" address="0x7ff76ebe797b"/>
    <frame level="7" function="pcre2_get_mark_16" offset="0x667791" address="0x7ff76ebfa121"/>
    <frame level="8" function="pcre2_get_mark_16" offset="0x59a1eb" address="0x7ff76eb2cb7b"/>
    <frame level="9" function="pcre2_get_mark_16" offset="0x6d33ca" address="0x7ff76ec65d5a"/>
    <frame level="10" function="pcre2_get_mark_16" offset="0x88b694" address="0x7ff76ee1e024"/>
    <frame level="11" function="pcre2_get_mark_16" offset="0x880e2f" address="0x7ff76ee137bf"/>
    <frame level="12" function="pcre2_get_mark_16" offset="0x88194b" address="0x7ff76ee142db"/>
    <frame level="13" function="pcre2_get_mark_16" offset="0x881c4f" address="0x7ff76ee145df"/>
    <frame level="14" function="pcre2_get_mark_16" offset="0x880ce2" address="0x7ff76ee13672"/>
    <frame level="15" function="pcre2_get_mark_16" offset="0x880d89" address="0x7ff76ee13719"/>
    <frame level="16" function="pcre2_set_substitute_callout_16" offset="0x14ffe" address="0x7ff76ef54ede"/>
    <frame level="17" function="pcre2_get_mark_16" offset="0x880dac" address="0x7ff76ee1373c"/>
    <frame level="18" function="pcre2_set_substitute_callout_16" offset="0x2cfc7b" address="0x7ff76f20fb5b"/>
    <frame level="19" function="pcre2_get_mark_16" offset="0x88b694" address="0x7ff76ee1e024"/>
    <frame level="20" function="pcre2_get_mark_16" offset="0x880e2f" address="0x7ff76ee137bf"/>
    <frame level="21" function="pcre2_get_mark_16" offset="0x881d53" address="0x7ff76ee146e3"/>
    <frame level="22" function="pcre2_get_mark_16" offset="0x880d55" address="0x7ff76ee136e5"/>
    <frame level="23" function="pcre2_get_mark_16" offset="0x8818ba" address="0x7ff76ee1424a"/>
    <frame level="24" function="pcre2_set_substitute_callout_16" offset="0x1d5e3" address="0x7ff76ef5d4c3"/>
    <frame level="25" function="pcre2_set_substitute_callout_16" offset="0x239d9" address="0x7ff76ef638b9"/>
    <frame level="26" function="pcre2_set_substitute_callout_16" offset="0x261d8" address="0x7ff76ef660b8"/>
    <frame level="27" function="pcre2_set_substitute_callout_16" offset="0x2c770" address="0x7ff76ef6c650"/>
    <frame level="28" function="DispatchMessageW" offset="0x741" address="0x7ffd05e88161"/>
    <frame level="29" function="DispatchMessageW" offset="0x201" address="0x7ffd05e87c21"/>
    <frame level="30" function="pcre2_set_substitute_callout_16" offset="0x1ddfe9" address="0x7ff76f11dec9"/>
    <frame level="31" function="pcre2_get_startchar_16" offset="0x47513" address="0x7ff76eeb12b3"/>
    <frame level="32" function="pcre2_get_startchar_16" offset="0x4773a" address="0x7ff76eeb14da"/>
    <frame level="33" function="pcre2_get_mark_16" offset="0x88c5c7" address="0x7ff76ee1ef57"/>
    <frame level="34" function="pcre2_get_startchar_16" offset="0x3ffe3" address="0x7ff76eea9d83"/>
    <frame level="35" function="pcre2_get_mark_16" offset="0x8a6388" address="0x7ff76ee38d18"/>
    <frame level="36" function="pcre2_set_substitute_callout_16" offset="0x327e8e" address="0x7ff76f267d6e"/>
    <frame level="37" function="BaseThreadInitThunk" offset="0x1d" address="0x7ffd058b244d"/>
    <frame level="38" function="RtlUserThreadStart" offset="0x28" address="0x7ffd06ecdf78"/>
  </stack>
</report>
